,fitness,fn_635
fitness,1.0,0.018112934882806537
fn_635,0.018112934882806537,1.0
